file name,the number of cattles indside fence
IMG_9171.JPG,4
IMG_9172.JPG,5
IMG_9174.JPG,12
IMG_9175.JPG,12
IMG_9176.JPG,13
IMG_9177.JPG,10
IMG_9178.JPG,12
IMG_9179.JPG,11
IMG_9180.JPG,12
IMG_9181.JPG,11
IMG_9182.JPG,12
IMG_9183.JPG,12
IMG_9184.JPG,12
IMG_9185.JPG,12
IMG_9186.JPG,12
IMG_9187.JPG,11
IMG_9188.JPG,10
IMG_9189.JPG,11
IMG_9190.JPG,12
IMG_9191.JPG,11
IMG_9192.JPG,12
IMG_9193.JPG,12
IMG_9194.JPG,12
IMG_9195.JPG,11
IMG_9196.JPG,11
IMG_9197.JPG,10
IMG_9198.JPG,9
IMG_9199.JPG,9
IMG_9200.JPG,9
IMG_9201.JPG,9
IMG_9202.JPG,8
IMG_9203.JPG,7
IMG_9204.JPG,6
IMG_9205.JPG,7
IMG_9206.JPG,7
IMG_9207.JPG,7
IMG_9208.JPG,7
IMG_9209.JPG,7
IMG_9210.JPG,7
IMG_9211.JPG,7
IMG_9212.JPG,7
IMG_9213.JPG,6
IMG_9214.JPG,6
IMG_9215.JPG,6
IMG_9216.JPG,6
IMG_9217.JPG,6
IMG_9218.JPG,5
IMG_9219.JPG,5
IMG_9220.JPG,4
IMG_9221.JPG,4
IMG_9222.JPG,4
IMG_9223.JPG,3
IMG_9224.JPG,1
IMG_9225.JPG,1
IMG_9226.JPG,1
IMG_9227.JPG,1
IMG_9228.JPG,1
IMG_9229.JPG,2
IMG_9230.JPG,1
IMG_9231.JPG,1
IMG_9232.JPG,1
IMG_9233.JPG,1
IMG_9234.JPG,0
IMG_9235.JPG,0
IMG_9236.JPG,1
IMG_9237.JPG,1
IMG_9238.JPG,2
IMG_9239.JPG,5
IMG_9240.JPG,5
IMG_9241.JPG,5
IMG_9242.JPG,5
IMG_9243.JPG,4
IMG_9244.JPG,2
IMG_9245.JPG,1
IMG_9246.JPG,1
IMG_9247.JPG,1
IMG_9248.JPG,1
IMG_9249.JPG,1
IMG_9250.JPG,1
IMG_9251.JPG,0
IMG_9252.JPG,0
IMG_9253.JPG,0
IMG_9254.JPG,0
IMG_9255.JPG,0
IMG_9256.JPG,0
IMG_9257.JPG,0
IMG_9258.JPG,0
IMG_9259.JPG,0
IMG_9260.JPG,0
IMG_9261.JPG,0
IMG_9262.JPG,0
IMG_9263.JPG,0
IMG_9264.JPG,0
IMG_9265.JPG,0
IMG_9266.JPG,0
IMG_9267.JPG,0
IMG_9268.JPG,0
IMG_9269.JPG,0
IMG_9270.JPG,0
IMG_9271.JPG,0
IMG_9272.JPG,0
IMG_9273.JPG,0
IMG_9274.JPG,0
IMG_9275.JPG,0
IMG_9276.JPG,0
IMG_9277.JPG,0
IMG_9278.JPG,0
IMG_9279.JPG,0
IMG_9280.JPG,0
IMG_9281.JPG,0
IMG_9282.JPG,0
IMG_9283.JPG,0
IMG_9284.JPG,0
IMG_9285.JPG,0
IMG_9286.JPG,0
IMG_9287.JPG,0
IMG_9288.JPG,0
IMG_9289.JPG,0
IMG_9290.JPG,0
IMG_9291.JPG,0
IMG_9292.JPG,0
IMG_9293.JPG,0
IMG_9294.JPG,0
IMG_9293.JPG,0
IMG_9294.JPG,0
IMG_9295.JPG,0
IMG_9296.JPG,0
IMG_9297.JPG,0
IMG_9298.JPG,0
IMG_9299.JPG,0
IMG_9300.JPG,0
IMG_9301.JPG,0
IMG_9302.JPG,0
IMG_9303.JPG,0
IMG_9304.JPG,0
IMG_9305.JPG,0
IMG_9306.JPG,0
IMG_9307.JPG,0
IMG_9308.JPG,0
IMG_9309.JPG,0
IMG_9310.JPG,0
IMG_9311.JPG,0
IMG_9312.JPG,0
IMG_9313.JPG,0
IMG_9314.JPG,0
IMG_9315.JPG,0
IMG_9316.JPG,0
IMG_9317.JPG,0
IMG_9318.JPG,0
IMG_9319.JPG,0
IMG_9320.JPG,0
IMG_9321.JPG,0
IMG_9322.JPG,1
IMG_9323.JPG,3
IMG_9324.JPG,5
IMG_9325.JPG,7
IMG_9326.JPG,6
IMG_9327.JPG,7
IMG_9328.JPG,7
IMG_9329.JPG,5
IMG_9330.JPG,6
IMG_9331.JPG,4
IMG_9332.JPG,5
IMG_9333.JPG,5
IMG_9334.JPG,5
IMG_9335.JPG,5
IMG_9336.JPG,5
IMG_9337.JPG,5
IMG_9338.JPG,5
IMG_9339.JPG,5
IMG_9340.JPG,5
IMG_9341.JPG,5
IMG_9342.JPG,4
IMG_9343.JPG,3
IMG_9344.JPG,5
IMG_9345.JPG,7
IMG_9346.JPG,6
IMG_9347.JPG,7
IMG_9348.JPG,9
IMG_9349.JPG,9
IMG_9350.JPG,9
IMG_9351.JPG,8
IMG_9352.JPG,8
IMG_9353.JPG,8
IMG_9354.JPG,8
IMG_9355.JPG,9
IMG_9356.JPG,10
IMG_9357.JPG,10
IMG_9358.JPG,11
IMG_9359.JPG,10
IMG_9360.JPG,9
IMG_9361.JPG,12
IMG_9362.JPG,12
IMG_9363.JPG,12
IMG_9364.JPG,11
IMG_9365.JPG,11
IMG_9366.JPG,11
IMG_9367.JPG,11
IMG_9368.JPG,11
IMG_9369.JPG,11
IMG_9370.JPG,11
IMG_9371.JPG,11
IMG_9372.JPG,10
IMG_9373.JPG,10
IMG_9374.JPG,9
IMG_9375.JPG,10
IMG_9376.JPG,11
IMG_9377.JPG,11
IMG_9378.JPG,11
IMG_9379.JPG,10
IMG_9380.JPG,10
IMG_9381.JPG,9
IMG_9382.JPG,10
IMG_9383.JPG,11
IMG_9384.JPG,10
IMG_9385.JPG,13
IMG_9386.JPG,14
IMG_9387.JPG,13
IMG_9388.JPG,16
IMG_9389.JPG,17
IMG_9390.JPG,15
IMG_9391.JPG,13
IMG_9392.JPG,14
IMG_9393.JPG,15
IMG_9394.JPG,15
IMG_9395.JPG,13
IMG_9396.JPG,12
IMG_9397.JPG,12
IMG_9398.JPG,13
IMG_9399.JPG,13
IMG_9400.JPG,12
IMG_9401.JPG,12
IMG_9402.JPG,11
IMG_9403.JPG,12
IMG_9404.JPG,12
IMG_9405.JPG,11
IMG_9406.JPG,12
IMG_9407.JPG,12
IMG_9408.JPG,11
IMG_9409.JPG,12
IMG_9410.JPG,12
IMG_9411.JPG,11
IMG_9412.JPG,12
IMG_9413.JPG,12
IMG_9414.JPG,12
IMG_9415.JPG,12
IMG_9417.JPG,12
IMG_9418.JPG,12
IMG_9419.JPG,12
IMG_9420.JPG,12
IMG_9421.JPG,12
IMG_9422.JPG,11
IMG_9423.JPG,10
IMG_9424.JPG,9
IMG_9425.JPG,10
IMG_9426.JPG,10
IMG_9427.JPG,10
IMG_9428.JPG,10
IMG_9429.JPG,10
IMG_9430.JPG,10
IMG_9431.JPG,10
IMG_9432.JPG,11
IMG_9433.JPG,11
IMG_9434.JPG,10
IMG_9435.JPG,10
IMG_9436.JPG,10
IMG_9437.JPG,10
IMG_9438.JPG,9
IMG_9439.JPG,9
IMG_9440.JPG,7
IMG_9441.JPG,5
IMG_9442.JPG,5
IMG_9443.JPG,7
IMG_9444.JPG,8
IMG_9445.JPG,8
IMG_9446.JPG,8
IMG_9447.JPG,7
IMG_9448.JPG,5
IMG_9449.JPG,5
IMG_9450.JPG,5
IMG_9451.JPG,5
IMG_9452.JPG,5
IMG_9453.JPG,5
IMG_9454.JPG,5
IMG_9455.JPG,4
IMG_9456.JPG,4
IMG_9457.JPG,4
IMG_9458.JPG,4
IMG_9459.JPG,4
IMG_9460.JPG,4
IMG_9461.JPG,5
IMG_9462.JPG,4
IMG_9463.JPG,5
IMG_9464.JPG,7
IMG_9465.JPG,10
IMG_9466.JPG,7
IMG_9467.JPG,7
IMG_9468.JPG,11
IMG_9469.JPG,10
IMG_9470.JPG,10
IMG_9471.JPG,8
IMG_9472.JPG,11
IMG_9473.JPG,11
IMG_9474.JPG,10
IMG_9475.JPG,11
IMG_9476.JPG,10
IMG_9477.JPG,9
IMG_9478.JPG,7
IMG_9479.JPG,7
IMG_9480.JPG,5
IMG_9481.JPG,5
IMG_9482.JPG,6
IMG_9483.JPG,5
IMG_9484.JPG,3
IMG_9485.JPG,2
IMG_9486.JPG,1
IMG_9487.JPG,1
IMG_9488.JPG,0
IMG_9489.JPG,1
IMG_9490.JPG,1
IMG_9491.JPG,3
IMG_9492.JPG,5
IMG_9493.JPG,4
IMG_9494.JPG,6
IMG_9495.JPG,8
IMG_9496.JPG,11
IMG_9497.JPG,12
IMG_9498.JPG,2
IMG_9499.JPG,1
IMG_9500.JPG,1
IMG_9501.JPG,1
IMG_9502.JPG,0
IMG_9503.JPG,0
IMG_9504.JPG,0
IMG_9505.JPG,0
IMG_9506.JPG,0
IMG_9507.JPG,0
IMG_9508.JPG,0
IMG_9509.JPG,0
IMG_9510.JPG,0
IMG_9511.JPG,0
IMG_9512.JPG,0
IMG_9513.JPG,0
IMG_9514.JPG,0
IMG_9515.JPG,0
IMG_9516.JPG,0
IMG_9517.JPG,0
IMG_9518.JPG,0
IMG_9519.JPG,0
IMG_9520.JPG,0
IMG_9521.JPG,0
IMG_9522.JPG,0
IMG_9523.JPG,0
IMG_9524.JPG,0
IMG_9525.JPG,0
IMG_9526.JPG,0
IMG_9527.JPG,0
IMG_9528.JPG,0
IMG_9529.JPG,0
IMG_9530.JPG,0
IMG_9531.JPG,0
IMG_9532.JPG,0
IMG_9533.JPG,0
IMG_9534.JPG,0
IMG_9535.JPG,0
IMG_9536.JPG,0
IMG_9537.JPG,0
IMG_9538.JPG,0
IMG_9539.JPG,0
IMG_9540.JPG,0
IMG_9541.JPG,0
IMG_9542.JPG,0
IMG_9543.JPG,0
IMG_9544.JPG,0
IMG_9545.JPG,0
IMG_9546.JPG,0
IMG_9547.JPG,0
IMG_9548.JPG,0
IMG_9549.JPG,0
IMG_9550.JPG,0
IMG_9551.JPG,0
IMG_9552.JPG,0
IMG_9553.JPG,0
IMG_9554.JPG,0
IMG_9555.JPG,0
IMG_9556.JPG,0
IMG_9557.JPG,0
IMG_9558.JPG,0
IMG_9559.JPG,0
IMG_9560.JPG,0
IMG_9561.JPG,0
IMG_9562.JPG,0
IMG_9563.JPG,0
IMG_9564.JPG,0
IMG_9565.JPG,0
IMG_9566.JPG,0
IMG_9567.JPG,0
IMG_9568.JPG,0
IMG_9569.JPG,0
IMG_9570.JPG,4
IMG_9571.JPG,7
IMG_9572.JPG,9
IMG_9573.JPG,8
IMG_9574.JPG,9
IMG_9575.JPG,9
IMG_9576.JPG,9
IMG_9577.JPG,10
IMG_9578.JPG,9
IMG_9579.JPG,8
IMG_9580.JPG,8
IMG_9581.JPG,8
IMG_9582.JPG,8
IMG_9583.JPG,7
IMG_9584.JPG,8
IMG_9585.JPG,8
IMG_9586.JPG,7
IMG_9587.JPG,7
IMG_9588.JPG,8
IMG_9589.JPG,8
IMG_9590.JPG,9
IMG_9591.JPG,9
IMG_9592.JPG,9
IMG_9593.JPG,9
IMG_9594.JPG,9
IMG_9595.JPG,9
IMG_9596.JPG,11
IMG_9597.JPG,10
IMG_9598.JPG,12
IMG_9599.JPG,11
IMG_9600.JPG,11
IMG_9601.JPG,11
IMG_9602.JPG,11
IMG_9603.JPG,11
IMG_9604.JPG,10
IMG_9605.JPG,12
IMG_9606.JPG,10
IMG_9607.JPG,11
IMG_9608.JPG,12
IMG_9609.JPG,16
IMG_9610.JPG,15
IMG_9611.JPG,13
IMG_9612.JPG,13
IMG_9613.JPG,15
IMG_9614.JPG,14
IMG_9615.JPG,12
IMG_9616.JPG,13
IMG_9617.JPG,12
IMG_9618.JPG,11
IMG_9619.JPG,11
IMG_9620.JPG,12
IMG_9621.JPG,12
IMG_9622.JPG,12
IMG_9623.JPG,11
IMG_9624.JPG,11
IMG_9625.JPG,11
IMG_9626.JPG,12
IMG_9627.JPG,11
IMG_9628.JPG,11
IMG_9629.JPG,10
IMG_9630.JPG,9
IMG_9631.JPG,9
IMG_9632.JPG,9
IMG_9633.JPG,9
IMG_9634.JPG,9
IMG_9635.JPG,8
IMG_9636.JPG,8
IMG_9637.JPG,8
IMG_9638.JPG,8
IMG_9639.JPG,8
IMG_9640.JPG,8
IMG_9641.JPG,8
IMG_9642.JPG,9
IMG_9643.JPG,8
IMG_9644.JPG,7
IMG_9645.JPG,8
IMG_9646.JPG,8
IMG_9647.JPG,7
IMG_9648.JPG,7
IMG_9649.JPG,7
IMG_9650.JPG,8
IMG_9651.JPG,7
IMG_9652.JPG,7
IMG_9653.JPG,8
IMG_9654.JPG,8
IMG_9655.JPG,7
IMG_9656.JPG,7
IMG_9657.JPG,7
IMG_9658.JPG,7
IMG_9659.JPG,7
IMG_9660.JPG,7
IMG_9661.JPG,7
IMG_9662.JPG,7
IMG_9663.JPG,6
IMG_9664.JPG,6
IMG_9665.JPG,7
IMG_9666.JPG,7
IMG_9667.JPG,6
IMG_9668.JPG,5
IMG_9669.JPG,5
IMG_9670.JPG,5
IMG_9671.JPG,5
IMG_9672.JPG,4
IMG_9673.JPG,4
IMG_9674.JPG,6
IMG_9675.JPG,5
IMG_9676.JPG,5
IMG_9677.JPG,3
IMG_9678.JPG,3
IMG_9679.JPG,1
IMG_9680.JPG,1
IMG_9681.JPG,1
IMG_9682.JPG,1
IMG_9683.JPG,1
IMG_9684.JPG,0
IMG_9685.JPG,0
IMG_9686.JPG,0
IMG_9687.JPG,0
IMG_9688.JPG,0
IMG_9689.JPG,0
IMG_9690.JPG,0
IMG_9691.JPG,0
IMG_9692.JPG,0
IMG_9693.JPG,0
IMG_9694.JPG,1
IMG_9695.JPG,4
IMG_9696.JPG,4
IMG_9697.JPG,5
IMG_9698.JPG,5
IMG_9699.JPG,5
IMG_9700.JPG,6
IMG_9701.JPG,6
IMG_9702.JPG,5
IMG_9703.JPG,4
IMG_9704.JPG,4
IMG_9705.JPG,4
IMG_9706.JPG,5
IMG_9707.JPG,5
IMG_9708.JPG,6
IMG_9709.JPG,11
IMG_9710.JPG,9
IMG_9711.JPG,8
IMG_9712.JPG,6
IMG_9713.JPG,8
IMG_9714.JPG,7
IMG_9715.JPG,4
IMG_9716.JPG,4
IMG_9717.JPG,3
IMG_9718.JPG,4
IMG_9719.JPG,4
IMG_9720.JPG,5
IMG_9721.JPG,5
IMG_9722.JPG,5
IMG_9723.JPG,6
IMG_9724.JPG,6
IMG_9725.JPG,6
IMG_9726.JPG,4
IMG_9727.JPG,0
IMG_9728.JPG,0
IMG_9729.JPG,0
IMG_9730.JPG,0
IMG_9731.JPG,0
IMG_9732.JPG,0
IMG_9733.JPG,0
IMG_9734.JPG,0
IMG_9735.JPG,0
IMG_9736.JPG,0
IMG_9737.JPG,0
IMG_9738.JPG,0
IMG_9739.JPG,0
IMG_9740.JPG,0
IMG_9741.JPG,0
IMG_9742.JPG,0
IMG_9743.JPG,0
IMG_9744.JPG,0
IMG_9745.JPG,0
IMG_9746.JPG,0
IMG_9747.JPG,0
IMG_9748.JPG,0
IMG_9749.JPG,0
IMG_9750.JPG,0
IMG_9751.JPG,0
IMG_9752.JPG,0
IMG_9753.JPG,0
IMG_9754.JPG,0
IMG_9755.JPG,0
IMG_9756.JPG,0
IMG_9757.JPG,0
IMG_9758.JPG,0
IMG_9759.JPG,0
IMG_9760.JPG,0
IMG_9761.JPG,0
IMG_9762.JPG,0
IMG_9763.JPG,0
IMG_9764.JPG,0
IMG_9765.JPG,0
IMG_9766.JPG,0
IMG_9767.JPG,0
IMG_9768.JPG,0
IMG_9769.JPG,0
IMG_9770.JPG,0
IMG_9771.JPG,0
IMG_9772.JPG,0
IMG_9773.JPG,0
IMG_9774.JPG,0
IMG_9775.JPG,0
IMG_9776.JPG,0
IMG_9777.JPG,0
IMG_9778.JPG,0
IMG_9779.JPG,0
IMG_9780.JPG,0
IMG_9781.JPG,0
IMG_9782.JPG,0
IMG_9783.JPG,0
IMG_9784.JPG,0
IMG_9785.JPG,0
IMG_9786.JPG,0
IMG_9787.JPG,0
IMG_9788.JPG,0
IMG_9789.JPG,0
IMG_9790.JPG,0
IMG_9791.JPG,0
IMG_9792.JPG,0
IMG_9793.JPG,0
IMG_9794.JPG,0
IMG_9795.JPG,0
IMG_9796.JPG,0
IMG_9797.JPG,0
IMG_9798.JPG,0
IMG_9799.JPG,0
IMG_9800.JPG,0
IMG_9801.JPG,0
IMG_9802.JPG,0
IMG_9803.JPG,0
IMG_9804.JPG,0
IMG_9805.JPG,0
IMG_9806.JPG,0
IMG_9807.JPG,0
IMG_9808.JPG,0
IMG_9809.JPG,0
IMG_9810.JPG,0
IMG_9811.JPG,0
IMG_9812.JPG,0
IMG_9813.JPG,0
IMG_9814.JPG,7
IMG_9815.JPG,14
IMG_9816.JPG,13
IMG_9817.JPG,13
IMG_9818.JPG,13
IMG_9819.JPG,14
IMG_9820.JPG,14
IMG_9821.JPG,14
IMG_9822.JPG,14
IMG_9823.JPG,14
IMG_9824.JPG,13
IMG_9825.JPG,14
IMG_9826.JPG,14
IMG_9827.JPG,16
IMG_9828.JPG,15
IMG_9829.JPG,13
IMG_9830.JPG,14
IMG_9831.JPG,15
IMG_9832.JPG,17
IMG_9833.JPG,17
IMG_9834.JPG,16
IMG_9835.JPG,16
IMG_9836.JPG,15
IMG_9837.JPG,15
IMG_9838.JPG,12
IMG_9839.JPG,11
IMG_9840.JPG,13
IMG_9841.JPG,14
IMG_9842.JPG,14
IMG_9843.JPG,14
IMG_9844.JPG,14
IMG_9845.JPG,14
IMG_9846.JPG,13
IMG_9847.JPG,13
IMG_9848.JPG,13
IMG_9849.JPG,12
IMG_9850.JPG,13
IMG_9851.JPG,10
IMG_9852.JPG,11
IMG_9853.JPG,12
IMG_9854.JPG,13
IMG_9855.JPG,14
IMG_9856.JPG,13
IMG_9857.JPG,12
IMG_9858.JPG,15
IMG_9859.JPG,15
IMG_9860.JPG,14
IMG_9861.JPG,13
IMG_9862.JPG,15
IMG_9863.JPG,12
IMG_9864.JPG,16
IMG_9865.JPG,12
IMG_9866.JPG,13
IMG_9867.JPG,13
IMG_9868.JPG,15
IMG_9869.JPG,16
IMG_9870.JPG,15
IMG_9871.JPG,14
IMG_9872.JPG,15
IMG_9873.JPG,14
IMG_9874.JPG,14
IMG_9875.JPG,12
IMG_9876.JPG,14
IMG_9877.JPG,13
IMG_9878.JPG,14
IMG_9879.JPG,11
IMG_9880.JPG,9
IMG_9881.JPG,10
IMG_9882.JPG,11
IMG_9883.JPG,11
IMG_9884.JPG,11
IMG_9885.JPG,11
IMG_9886.JPG,9
IMG_9887.JPG,10
IMG_9888.JPG,10
IMG_9889.JPG,9
IMG_9890.JPG,9
IMG_9891.JPG,10
IMG_9892.JPG,10
IMG_9893.JPG,10
IMG_9894.JPG,9
IMG_9895.JPG,9
IMG_9896.JPG,11
IMG_9897.JPG,11
IMG_9898.JPG,11
IMG_9899.JPG,11
IMG_9900.JPG,11
IMG_9901.JPG,11
IMG_9902.JPG,11
IMG_9903.JPG,9